"300 W Hawthorne Road, Spokane, WA"
"101 E Hartson, Spokane, WA"
"101 E Hawthorne Road, Spokane, WA"
"1015 W 5th Avenue, Spokane, WA"
"10814 E Broadway Avenue, Spokane, WA"
"1120 W Sprague Avenue, Spokane, WA"
"1212 N Howard Street, Spokane, WA"
"1234 E Front Avenue, Spokane, WA"
"12509 N Market Street, Mead, WA"
"130 E 3rd Avenue, Spokane, WA"
"14000 N Dartford Drive, Spokane, WA"
"1404 N Ash, Spokane, WA"
"1417 E Hartson, Spokane, WA"
"1509 W College, Spokane, WA"
"1523 W Dean Avenue, Spokane, WA"
"1635 W 26th Avenue, Spokane, WA"
"19 W Pacific Avenue, Spokane, WA"
"1906 E Mission Avenue, Spokane, WA"
"19619 E Cataldo Avenue, Liberty Lake, WA"
"222 E Indiana, Spokane, WA"
"2316 W First Avenue, Spokane, WA"
"2410 N Monroe Street, Spokane, WA"
"25 W 5th Avenue, Spokane, WA"
"2600 W Sharp, Spokane, WA"
"2706 E Queen Avenue, Spokane, WA"
"318 S Cedar Street, Spokane, WA"
"32 W Pacific Avenue, Spokane, WA"
"320 E Second Avenue, Spokane, WA"
"4211 E Colbert Road, Colbert, WA"
"4603 N Market, Spokane, WA"
"544 E Providence Avenue, Spokane, WA"
"5508 N Alberta Street, Spokane, WA"
"6607 N Havana, Spokane, WA"
"6815 E Trent Avenue, Spokane Valley, WA"
"707 E Mission Avenue, Spokane, WA"
"910 W Indiana Avenue, Spokane, WA"
"9103 E Peone Road, Mead, WA"
"919 E Trent Avenue, Spokane, WA"
"9706 N Division Street, Spokane, WA"
"9832 N Nevada, Spokane, WA"
"9907 E Wellesley Avenue, Spokane, WA"
